{
  "CHANGELOG.md": "f7ed8a26d6ebe0f9a90187e16bb690c1",
  "CONTRIBUTING.md": "8df0e5be30b6bca932fb5e34c2264522",
  "Gemfile": "38e0d1163b42b36487897d394a6aef55",
  "LICENSE": "cdbf8d74b765504fbdf8e154bb4458a1",
  "README.md": "a691c44ef6d43d9d8b543d2a11f5f005",
  "Rakefile": "5abb3039d1d1652ede4f99b0f646d6ab",
  "docs/deploy.html": "d9342a62d811e8d331c83a9521d7cb60",
  "docs/extract.html": "ddfc7718ed639b24861b5a1d68cf0b0c",
  "docs/file.html": "879efe671f96a8eaeb5fb023ced5b7ab",
  "docs/init.html": "c16ebedfb85ab41558ad2fdea679177d",
  "examples/deploy.pp": "27e2deca3fd5353dc8aa37c9162b2368",
  "examples/extract.pp": "297e67b90bf07b61343973d3b46cb3e3",
  "examples/file.pp": "5d658d29f0b99800c463dd3995c9ebc6",
  "examples/init.pp": "485c058d83ed2662961ac28c0873c25f",
  "examples/scope_defaults.pp": "b620b367fc13aad2ff6f09f0c18463ba",
  "examples/staging_parse.pp": "bec31082b383ef5bf6f81e4e82ec3b94",
  "files/sample": "c668e2074cc870f9ef59b6b33ffda097",
  "files/sample.tar.bz2": "d063a08e52797236df1b769dbdbd2c69",
  "files/sample.tar.gz": "eba24f899d8b439f5c461f728563ece6",
  "lib/facter/staging_http_get.rb": "07b6449105e1f314e06f83e37c8d07d3",
  "lib/facter/staging_windir.rb": "8fc9fd906d84f91eed9a90a32f2843b6",
  "lib/puppet/parser/functions/scope_defaults.rb": "398b9a8ed521b8a611536ece0a250b98",
  "lib/puppet/parser/functions/staging_parse.rb": "b0cd487f742d5966800dd9ee2d54afc4",
  "manifests/deploy.pp": "29b3c7a114f002974760863838715679",
  "manifests/extract.pp": "c0f72f295f7648f4f547f7ee297d5118",
  "manifests/file.pp": "3cf65fc98691eb104b10fa9992a81138",
  "manifests/init.pp": "702557945ee95cf5935ce6ebd910acab",
  "manifests/params.pp": "171de83cf4e88f09d3f942c9157c1ff6",
  "metadata.json": "74cb40b437d77771662541339790bd1a",
  "spec/acceptance/nodesets/centos-511-x64.yml": "ca8258bc835dd985a1754689d124cd66",
  "spec/acceptance/nodesets/centos-66-x64-pe.yml": "e68e03dc562bf58f7c5bba54a1a34619",
  "spec/acceptance/nodesets/centos-66-x64.yml": "7ffa6d9164a88668fcd51a1988c4dc03",
  "spec/acceptance/nodesets/centos-72-x64.yml": "194841a65e8835ac9ee6620e60b58f80",
  "spec/acceptance/nodesets/debian-78-x64.yml": "56af2760a64c13a0bccd59404435939c",
  "spec/acceptance/nodesets/debian-82-x64.yml": "26f2f696e6073549fe0a844f9a46f85b",
  "spec/acceptance/nodesets/docker/centos-5.yml": "7be89192f37653cc187d6d5212d9ff3e",
  "spec/acceptance/nodesets/docker/centos-6.yml": "4f135653fce91e0a0547f7caa0ba48b8",
  "spec/acceptance/nodesets/docker/centos-7.yml": "5e0899d3028494d59cdcb2fec140ebe9",
  "spec/acceptance/nodesets/docker/debian-7.yml": "4fefe3d2526ed8961ec21273799a5e8b",
  "spec/acceptance/nodesets/docker/debian-8.yml": "33dfd53fba67debe3962413fd17ffeb9",
  "spec/acceptance/nodesets/docker/ubuntu-12.04.yml": "cd32551771ad120f5c060c208ef48f4e",
  "spec/acceptance/nodesets/docker/ubuntu-14.04.yml": "e0db14c00ab3c01ff88313df2e7b4d5d",
  "spec/acceptance/nodesets/docker/ubuntu-16.04.yml": "936ee4f65c533165cea0c610a9071f8c",
  "spec/acceptance/nodesets/fedora-24-x64.yml": "431cd85b87a65a55af193a360aa52f26",
  "spec/acceptance/nodesets/fedora-25-x64.yml": "d0f3867787d6eec15fb1da4d9a7ee1ef",
  "spec/acceptance/nodesets/ubuntu-server-1204-x64.yml": "0dd7639bf95bfb18169ebba9a2bac163",
  "spec/acceptance/nodesets/ubuntu-server-1404-x64.yml": "7455367b784060b921360b29a56cd74c",
  "spec/acceptance/nodesets/ubuntu-server-1604-x64.yml": "37673118cc3bf052755d65fb5dd90226",
  "spec/classes/coverage_spec.rb": "166c74e93a4e70e9de79ae69f3c10e1d",
  "spec/default_facts.yml": "3da74b0aff340a4fbcca9cc4eba104c1",
  "spec/defines/staging_deploy_spec.rb": "80a7deb02237002d09f9d307e5e5768c",
  "spec/defines/staging_extract_spec.rb": "9fb03aa76736d778aa3d1cffd54c0a7c",
  "spec/defines/staging_file_spec.rb": "aad9c03cc4056290c57191985a69ba75",
  "spec/fixtures/hiera.yaml": "3ac4663394e6a377d001eee1b1a82887",
  "spec/spec.opts": "a600ded995d948e393fbe2320ba8e51c",
  "spec/spec_helper.rb": "a177b1e9e840ff9ab649c51178f2c85e",
  "spec/unit/puppet/parser/functions/scope_defaults_spec.rb": "e201417c1f5430b21737cbcd945b0840",
  "spec/unit/puppet/parser/functions/staging_parse_spec.rb": "0df09ccc71a48119ca99469d1adef648"
}